0.125,0,0,0,0.8,0.666666667,0,0,0.666666667,0,0,0.669291339,0,0.433782452,1,0,0.9993 
0,0,0.109756098,0,0.58,0.666666667,0,0,0,0,0,0.535433071,0,0.492934604,1,0,0.9993 
0.125,0,0,0,0.76,0.333333333,0,0,0,0,0,0.535433071,0,0.455471574,0.666666667,0,0.9993 
0,0,0,0,0.96,0,0,0,0,0,0,0.535433071,0,0.501478804,0.666666667,1,0.9991 
0.125,0,0,0,0.76,0.333333333,0,0,0.666666667,0,0,0.42519685,0,0.407492606,1,0,0.9989 
0,0,0.109756098,0,0.78,0.333333333,0,0,0,0,0,0.535433071,0,0.486362143,1,0,0.9986 
0.979166667,0,0,0,0,0,0.2,0,0,0,0,0.267716535,0,0.512651988,1,0,0.9984 
0.9375,0,0,0,0,0,0.2,0,0,0,0,0.401574803,0,0.516266842,1,0,0.9982 
0,0,0.048780488,0,0.76,0.333333333,0,0,0,0,0,0.535433071,0,0.460072297,1,0,0.9982 
0.291666667,0,0,0,0.6,0.666666667,0,0,1,0,0,0.803149606,0,0.387446599,0.666666667,0,0.9981 
0.291666667,0,0,0,0.6,0.666666667,0,0,0,0,0,0.669291339,0,0.483075912,0.666666667,0,0.9980 
0,0,0.048780488,0,0.8,1,0,0,0,0,0,0.708661417,0,0.476503451,1,0,0.9978 
0.895833333,0,0,0,0,1,0,0,0,0,0,0.708661417,0,0.476503451,1,0,0.9976 
0.895833333,0,0,0,0,0.333333333,0,0,0,0,0,0.472440945,0,0.469930989,1,0,0.9974 
0,0,0.06097561,0,0.8,0,0,0,0,0,0,0.535433071,0,0.512651988,0.666666667,1,0.9974 
0.125,0,0,0.975,0,0.333333333,0,0,0.666666667,0,0,0.42519685,0,0.414065067,1,0,0.9971 
0.9375,0,0,0,0,0.333333333,0,0,0.666666667,0,0,0.42519685,0,0.414065067,1,0,0.9969 
0.145833333,0,0,0,0.8,0.666666667,0,0,0,0,0,0.669291339,0,0.476503451,1,0,0.9966 
0,0,0.109756098,0,0.58,0.333333333,0,0,0,0,0,0.669291339,0,0.499507065,0.666666667,0,0.9961 
0.291666667,0,0,0,0.64,0,0,0,0,0,0,0.401574803,0,0.48176142,0.666666667,1,0.9959 
0,0,0.12195122,0,0.52,0.666666667,0,0,0.666666667,0,0,0.866141732,0,0.437068682,0.666666667,0,0.9959 
0,0,0.109756098,0,0.6,0.666666667,0,0,0,0,0,0.535433071,0,0.499507065,1,0,0.9952 
0,0,0.06097561,0,0.82,0.666666667,0,0,0.666666667,0,0,0.708661417,0,0.42720999,1,0,0.9950 
0,0,0.390243902,0,0,1,0,0,0,0,0,0.708661417,0,0.492934604,1,0,0.9944 
0,0,0.109756098,0,0.56,0.666666667,0,0,0.666666667,0,0,0.748031496,0,0.430496221,0.666666667,0,0.9944 
0,0,0.048780488,0,0.8,0.666666667,0,0,0,0,0,0.645669291,0,0.486362143,1,0,0.9943 
0,0,0.06097561,0,0.8,0.666666667,0,0,0,0,0,0.456692913,0,0.476503451,1,0,0.9942 
0.145833333,0,0,0,0.8,0.666666667,0,0,0,0,0,0.669291339,0,0.47321722,0.666666667,0,0.9941 
0.125,0,0,0,0.74,0.333333333,0,0,0.666666667,0,0,0.535433071,0,0.38120276,1,0,0.9919 
0,0,0,0,0.96,0.333333333,0,0,0,0,0,0.401574803,0,0.476503451,1,0,0.9917 
0,0,0.109756098,0,0.58,0.666666667,0,0,0.666666667,0,0,0.535433071,0,0.440354913,1,0,0.9911 
0.3125,0,0,0,0.6,0.333333333,0,0,0.666666667,0,0,0.535433071,0,0.430496221,1,0,0.9911 
0,0,0.93902439,0,0,0,0.6,0,0,0,0.904761905,0.905511811,0,0.52251068,0,0,0.9907 
0.291666667,0,0,0,0.64,0,0,0,0,0,0,0.401574803,0,0.48603352,0.666666667,1,0.9905 
0,0,0.134146341,0,0.64,0,0,0,0,0,0,0.267716535,0,0.501478804,1,1,0.9899 
0,0,0.951219512,0,0,0,0.2,0,0,0,0.714285714,0.669291339,0,0.525796911,0,0,0.9897 
0.979166667,0,0,0,0,0,0.2,0,0,0,0,0.401574803,0,0.522839303,1,0,0.9891 
0.104166667,0,0,0,0.8,0.333333333,0,0,0,0,0,0.511811024,0,0.460072297,1,0,0.9890 
0.104166667,0,0,0,0.8,0.666666667,0,0,0,0,0,0.724409449,0,0.466644758,1,0,0.9885 
0.3125,0,0,0,0.62,0,0,0,1,0,0,0.401574803,0,0.36937233,0.666666667,1,0.9880 
0,0,0.963414634,0,0,0,0.4,0,0,0,0.857142857,0.803149606,0,0.509037134,0,0,0.9880 
0.3125,0,0,0,0.62,0.666666667,0,0,0.666666667,0,0,0.472440945,0,0.420637529,0.666666667,0,0.9877 
0.3125,0,0,0,0.64,0.333333333,0,0,0.666666667,0,0,0.535433071,0,0.407492606,1,0,0.9874 
0.291666667,0,0,0,0.64,0.333333333,0,0,0,0,0,0.535433071,0,0.488662504,0.666666667,0,0.9872 
0.145833333,0,0,0,0.8,0.666666667,0,0,0.666666667,0,0,0.748031496,0,0.410778837,0.666666667,0,0.9866 
0,0,0.06097561,0,0.8,0.666666667,0,0,0,0,0,0.62992126,0,0.476503451,1,0,0.9866 
0.145833333,0,0,0,0.8,0.666666667,0,0,0.666666667,0,0,0.748031496,0,0.417351298,0.666666667,0,0.9863 
0,0,0.048780488,0,0.8,0.333333333,0,0,0,0,0,0.535433071,0,0.484061781,0.666666667,0,0.9847 
1,0,0,0,0,0.666666667,0,0,0,0,0,0.708661417,0,0.509365757,1,0,0.9847 
0.125,0,0,0,0.78,0.666666667,0,0,0,0,0,0.57480315,0,0.466644758,1,0,0.9839 
0.3125,0,0,0,0.6,0.666666667,0,0,0.666666667,0,0,0.787401575,0,0.430496221,0.666666667,0,0.9835 
0,0,0.951219512,0,0,0,0.6,0,0,0,0.571428571,0.937007874,0,0.509365757,0,0,0.9830 
0.125,0,0,0,0.8,0.666666667,0,0,0,0,0,0.590551181,0,0.492934604,1,0,0.9828 
0,0,0.12195122,0,0.6,0.666666667,0,0,0.666666667,0,0,0.748031496,0,0.437068682,0.666666667,0,0.9826 
0.333333333,0,0,0,0.62,0.333333333,0,0,0,0,0,0.535433071,0,0.466644758,1,0,0.9822 
0,0,0.109756098,0,0.56,0.666666667,0,0,0,0,0,0.535433071,0,0.499507065,1,0,0.9821 
0,0,0.109756098,0,0.58,0.333333333,0,0,0,0,0,0.669291339,0,0.465987512,0.666666667,0,0.9817 
0.291666667,0,0,0,0.64,0,0,0,0,0,0,0.535433071,0,0.490634243,0.666666667,1,0.9813 
0,0,0.048780488,0,0.76,0.333333333,0,0,0,0,0,0.535433071,0,0.466644758,1,0,0.9812 
0,0,0.109756098,0,0.58,0.333333333,0,0,0,0,0,0.456692913,0,0.486362143,1,0,0.9808 
0,0,0.06097561,0,0.8,0.333333333,0,0,0,0,0,0.535433071,0,0.51922445,1,0,0.9808 
0.125,0,0,0,0.8,0.666666667,0,0,0.666666667,0,0,0.748031496,0,0.407492606,0.666666667,0,0.9807 
0.145833333,0,0,0,0.8,0.666666667,0,0,0,0,0,0.62992126,0,0.476503451,1,0,0.9806 
0.145833333,0,0,0,0.8,0.666666667,0,0,0,0,0,0.708661417,0,0.499507065,1,0,0.9804 
0.145833333,0,0,0,0.8,0.666666667,0,0,0,0,0,0.708661417,0,0.506079527,1,0,0.9802 
0.291666667,0,0,0,0.64,0,0,0,0,0,0,0.401574803,0,0.487348012,0.666666667,1,0.9802 
0.3125,0,0,0,0.6,1,0,0,0,0,0,0.669291339,0,0.476503451,1,0,0.9800 
0,0,0.06097561,0,0.8,0.333333333,0,0,0,0,0,0.535433071,0,0.476503451,1,0,0.9799 
0.125,0,0,0,0.76,0.333333333,0,0,0.666666667,0,0,0.42519685,0,0.394347683,1,0,0.9797 
0,0,0.048780488,0,0.8,0.666666667,0,0,0.666666667,0,0,0.669291339,0,0.42720999,1,0,0.9796 
0,0,0.109756098,0,0.56,0.333333333,0,0,0.666666667,0,0,0.535433071,0,0.433782452,1,0,0.9794 
0.125,0,0,0,0.76,0.333333333,0,0,0.666666667,0,0,0.535433071,0,0.394347683,1,0,0.9794 
0,0,0.109756098,0,0.6,0.333333333,0,0,0.666666667,0,0,0.42519685,0,0.42720999,1,0,0.9782 
0.125,0,0,0,0.8,0.333333333,0,0,1,0,0,0.669291339,0,0.384160368,0.666666667,0,0.9781 
0,0,0,0,1,0.666666667,0,0,0.666666667,0,0,0.755905512,0,0.443641144,0.666666667,0,0.9781 
0.3125,0,0,0,0.6,0.333333333,0,0,0,0,0,0.62992126,0,0.476503451,1,0,0.9776 
0,0,0.12195122,0,0.64,0.333333333,0,0,0.666666667,0,0,0.590551181,0,0.42720999,0.666666667,0,0.9774 
0,0,0.12195122,0,0.6,0.333333333,0,0,0,0,0,0.535433071,0,0.525796911,0.666666667,0,0.9765 
0,0,0.804878049,0,0,0,0.6,0,0,0,0.571428571,0.881889764,0,0.509365757,0,0,0.9764 
0,0,0.134146341,0,0.66,0.333333333,0,0,0.666666667,0,0,0.590551181,0,0.437068682,0.666666667,0,0.9759 
0,0,0,0,1,0.666666667,0,0,0.666666667,0,0,0.669291339,0,0.430496221,0.666666667,0,0.9756 
0,0,0.134146341,0,0.66,0,0,0,1,0,0,0.401574803,0,0.417351298,0.666666667,1,0.9753 
0,0,0.048780488,0,0.8,0.333333333,0,0,0.666666667,0,0,0.551181102,0,0.42720999,1,0,0.9747 
0.3125,0,0,0,0.64,0,0,0,0,0,0,0.535433071,0,0.499835688,0.666666667,1,0.9745 
0,0,0.109756098,0,0.58,0.333333333,0,0,0,0,0,0.535433071,0,0.497206704,0.666666667,0,0.9744 
0,0,0.365853659,0,0,0,0.4,0,0,0,0,0.535433071,0,0.474860335,1,0,0.9743 
0,0,0.109756098,0,0.6,0.666666667,0,0,0,0,0,0.535433071,0,0.499507065,1,0,0.9740 
0,0,0.109756098,0,0.56,0.666666667,0,0,0.666666667,0,0,0.669291339,0,0.433782452,1,0,0.9739 
0,0,0.048780488,0,0.8,0.666666667,0,0,0.666666667,0,0,0.62992126,0,0.42720999,1,0,0.9739 
0,0,0.109756098,0,0.56,0.666666667,0,0,0.666666667,0,0,0.708661417,0,0.443641144,1,0,0.9738 
0,0,0.109756098,0,0.6,0.666666667,0,0,0,0,0,0.669291339,0,0.492934604,1,0,0.9735 
0,0,0.06097561,0,0.8,0.666666667,0,0,0,0,0,0.614173228,0,0.486362143,1,0,0.9718 
0,0,0.914634146,0,0,0,0.4,0,0,0,0.761904762,0.669291339,0,0.506079527,0,0,0.9718 
0,0,0.12195122,0,0.64,0.333333333,0,0,0,0,0,0.535433071,0,0.515938219,1,0,0.9717 
0,0,0,0,0.98,0.666666667,0,0,0,0,0,0.708661417,0,0.479789681,0.666666667,0,0.9715 
0,0,0.365853659,0,0,0,0.4,0,0,0,0,0.401574803,0,0.476503451,1,0,0.9707 
0.125,0,0,0,0.76,0.333333333,0,0,0.666666667,0,0,0.535433071,0,0.407492606,1,0,0.9702 
0.291666667,0,0,0,0.64,0,0,0,0,0,0,0.401574803,0,0.482090043,0.666666667,1,0.9699 
0,0,0.06097561,0,0.82,0.666666667,0,0,0,0,0,0.803149606,0,0.505750904,0.666666667,0,0.9697 
0,0,0,0,0.96,0.333333333,0,0,0,0,0,0.669291339,0,0.489648373,0.666666667,0,0.9694 
0,0,0.365853659,0,0,0,0.4,0,0,0,0,0.803149606,0,0.499507065,1,0,0.9692 
0,0,0.06097561,0,0.8,0.333333333,0,0,0,0,0,0.401574803,0,0.515938219,1,0,0.9689 
0.125,0,0,0,0.76,0.666666667,0,0,0.666666667,0,0,0.669291339,0,0.407492606,1,0,0.9687 
0,0,0.06097561,0,0.78,0.333333333,0,0,0,0,0,0.401574803,0,0.499507065,1,0,0.9687 
0.125,0,0,0,0.76,0.333333333,0,0,0.666666667,0,0,0.535433071,0,0.410778837,1,0,0.9686 
0.125,0,0,0,0.8,0,0,0,0,0,0,0.401574803,0,0.474203089,0.666666667,1,0.9685 
0,0,0.109756098,0,0.6,0,0,0,0,0,0,0.401574803,0,0.476503451,0.666666667,1,0.9683 
0.354166667,0,0,0,0.6,0.666666667,0,0,0.666666667,0,0,0.748031496,0,0.460072297,1,0,0.9682 
0.145833333,0,0,0,0.82,0.333333333,0,0,0.666666667,0,0,0.535433071,0,0.42720999,1,0,0.9682 
0.125,0,0,0,0.8,0,0,0,0,0,0,0.535433071,0,0.499507065,0.666666667,1,0.9675 
0.979166667,0,0,0,0,1,0,0,0.666666667,0,0,0.826771654,0,0.47321722,0.666666667,0,0.9671 
0,0,0,0,0.94,0.666666667,0,0,0.666666667,0,0,0.748031496,0,0.410778837,0.666666667,0,0.9671 
0,0,0.365853659,0,0,0,0.4,0,0,0,0,0.401574803,0,0.476503451,1,0,0.9671 
0.125,0,0,0,0.8,0,0,0,0,0,0,0.535433071,0,0.476832074,0.666666667,1,0.9669 
0,0,0.12195122,0,0.64,0.333333333,0,0,0,0,0,0.669291339,0,0.492277358,0.666666667,0,0.9668 
0.3125,0,0,0,0.6,0.666666667,0,0,0,0,0,0.669291339,0,0.476503451,1,0,0.9663 
0,0,0.06097561,0,0.8,0.666666667,0,0,0,0,0,0.669291339,0,0.499507065,1,0,0.9662 
0.25,0,0,0,0.6,0.333333333,0,0,0,0,0,0.535433071,0,0.498849819,0.666666667,0,0.9661 
0,0,0.37804878,0,0,0.666666667,0,0,0,0,0,0.590551181,0,0.486362143,1,0,0.9659 
0.833333333,0,0,0,0,1,0,0,0,0,0,0.669291339,0,0.502793296,1,0,0.9657 
0.3125,0,0,0,0.64,0.333333333,0,0,0,0,0,0.535433071,0,0.47321722,1,0,0.9653 
0,0,0.12195122,0,0.6,0.333333333,0,0,0,0,0,0.401574803,0,0.479789681,1,0,0.9652 
0.3125,0,0,0,0.62,0.666666667,0,0,0.666666667,0,0,0.669291339,0,0.42720999,0.666666667,0,0.9650 
0,0,0.109756098,0,0.56,0.666666667,0,0,0.666666667,0,0,0.62992126,0,0.42720999,1,0,0.9648 
0,0,0.37804878,0,0,1,0,0,0,0,0,0.708661417,0,0.506079527,1,0,0.9646 
0.3125,0,0,0,0.6,0.333333333,0,0,0,0,0,0.456692913,0,0.476503451,1,0,0.9642 
0.145833333,0,0,0,0.8,0,0,0,0.666666667,0,0,0.708661417,0,0.450213605,0.666666667,0,0.9641 
0.291666667,0,0,0,0.6,0.666666667,0,0,0,0,0,0.803149606,0,0.476503451,0.666666667,0,0.9638 
0.3125,0,0,0,0.6,1,0,0,0,0,0,0.708661417,0,0.476503451,1,0,0.9637 
0,0,0.280487805,0,0,0,0.4,0,0,0,0,0.401574803,0,0.476503451,0,0,0.9636 
0.958333333,0,0,0,0,0,0.8,0,0,0,0,0.669291339,0,0.517252711,1,0,0.9630 
0.3125,0,0,0,0.62,0.333333333,0,0,0.666666667,0,0,0.535433071,0,0.410778837,1,0,0.9628 
0,0,0.048780488,0,0.78,0.666666667,0,0,0,0,0,0.535433071,0,0.47321722,1,0,0.9623 
0.3125,0,0,0,0.62,0.666666667,0,0,0.666666667,0,0,0.826771654,0,0.47321722,1,0,0.9622 
0,0,0.37804878,0,0,0,0.4,0,0,0,0,0.669291339,0,0.498849819,1,0,0.9622 
0,0,0.048780488,0,0.8,0.666666667,0,0,0.666666667,0,0,0.732283465,0,0.42720999,1,0,0.9616 
0,0,0.37804878,0,0,0.333333333,0,0,0,0,0,0.535433071,0,0.483075912,0.666666667,0,0.9615 
0.291666667,0,0,0,0.6,0.333333333,0,0,0.666666667,0,0,0.535433071,0,0.38120276,1,0,0.9614 
0.145833333,0,0,0,0.8,0.666666667,0,0,0,0,0,0.566929134,0,0.476503451,1,0,0.9609 
0.3125,0,0,0,0.62,0.333333333,0,0,0.666666667,0,0,0.535433071,0,0.404206375,1,0,0.9608 
1,0,0,0,0,0,0.4,0,0,0,0,0.535433071,0,0.515938219,1,0,0.9603 
0,0,0.12195122,0,0.6,0.333333333,0,0,0.666666667,0,0,0.42519685,0,0.414065067,1,0,0.9602 
0,0,0.134146341,0,0.64,0,0,0,0,0,0,0.401574803,0,0.476832074,1,1,0.9601 
0,0,0.963414634,0,0,0,0.6,0,0,0,0.952380952,0.937007874,0,0.561945449,0,0,0.9598 
0,0,0.109756098,0,0.56,0.333333333,0,0,0.666666667,0,0,0.535433071,0,0.492934604,1,0,0.9596 
0,0,0.390243902,0,0,0.666666667,0,0,0,0,0,0.614173228,0,0.492934604,1,0,0.9596 
0,0,0.134146341,0,0.62,0.333333333,0,0,0,0,0,0.590551181,0,0.47321722,0.666666667,0,0.9595 
0.125,0,0,0,0.8,0.666666667,0,0,0,0,0,0.669291339,0,0.475846204,0.666666667,0,0.9593 
0,0,0.06097561,0,0.78,0.333333333,0,0,0,0,0,0.535433071,0,0.47321722,1,0,0.9588 
0,0,0.134146341,0,0.64,0.666666667,0,0,0,0,0,0.669291339,0,0.499507065,1,0,0.9585 
0,0,0.109756098,0,0.58,0.666666667,0,0,0,0,0,0.669291339,0,0.486362143,1,0,0.9582 
0,0,0.963414634,0,0,0,0.4,0,0,0,0.857142857,0.803149606,0,0.532369372,0,0,0.9581 
0,0,0,0,1,0.666666667,0,0,0.666666667,0,0,0.669291339,0,0.440354913,0.666666667,0,0.9580 
0,0,0.109756098,0,0.6,1,0,0,0,0,0,0.669291339,0,0.509365757,1,0,0.9575 
0,0,0.402439024,0,0,1,0,0,0,0,0,0.669291339,0,0.529411765,1,0,0.9574 
0,0,0.365853659,0,0,0.666666667,0,0,0,0,0,0.803149606,0,0.473545843,0.666666667,0,0.9573 
0,0,0.365853659,0,0,0.666666667,0,0,0,0,0,0.669291339,0,0.509365757,1,0,0.9572 
0.3125,0,0,0,0.64,0.666666667,0,0,0,0,0,0.803149606,0,0.491948735,0.666666667,0,0.9568 
0,0,0.06097561,0,0.76,0.666666667,0,0,0,0,0,0.669291339,0,0.479789681,1,0,0.9556 
0,0,0.097560976,0,0.54,0.666666667,0,0,0,0,0,0.535433071,0,0.460072297,1,0,0.9554 
0.9375,0,0,0,0,1,0,0,0,0,0,0.669291339,0,0.476832074,0.666666667,0,0.9549 
0.125,0,0,0,0.8,0,0,0,0.666666667,0,0,0.42519685,0,0.387775222,1,1,0.9546 
0,0,0.390243902,0,0,0.666666667,0,0,0.666666667,0,0,0.535433071,0,0.433782452,1,0,0.9546 
0,0,0.048780488,0,0.72,0,0,0,0,0,0,0.401574803,0,0.442983897,1,1,0.9545 
0,0,0.365853659,0,0,0,0.4,0,0.666666667,0,0,0.535433071,0,0.466644758,1,0,0.9543 
0,0,0.109756098,0,0.58,0.666666667,0,0,0,0,0,0.535433071,0,0.499507065,1,0,0.9537 
0,0,0.048780488,0,0.76,0.666666667,0,0,0.666666667,0,0,0.708661417,0,0.42720999,1,0,0.9534 
0,0,0.12195122,0,0.64,0.333333333,0,0,0.666666667,0,0,0.535433071,0,0.443641144,1,0,0.9533 
0.145833333,0,0,0,0.8,0.666666667,0,0,0,0,0,0.590551181,0,0.466644758,1,0,0.9532 
0,0,0.12195122,0,0.66,0.333333333,0,0,1,0,0,0.669291339,0,0.394347683,0.666666667,0,0.9531 
0.916666667,0,0,0,0,0,0.2,0,0,0,0,0.401574803,0,0.474203089,1,0,0.9528 
0.3125,0,0,0,0.6,0.666666667,0,0,0,0,0,0.748031496,0,0.515938219,0.666666667,0,0.9527 
0.291666667,0,0,0,0.6,0.666666667,0,0,0.666666667,0,0,0.669291339,0,0.420637529,1,0,0.9525 
0,0,0.93902439,0,0,0,0.4,0,0,0,0.857142857,0.748031496,0,0.499507065,0,0,0.9525 
0,0,0,0,0.94,0.666666667,0,0,0,0,0,0.669291339,0,0.476503451,1,0,0.9524 
0.333333333,0,0,0,0.66,0.333333333,0,0,0.666666667,0,0,0.535433071,0,0.433782452,1,0,0.9513 
0.3125,0,0,0,0.6,0.333333333,0,0,0.666666667,0,0,0.42519685,0,0.387775222,1,0,0.9507 
0,0,0.390243902,0,0,0,0.6,0,0,0,0,0.669291339,0,0.532369372,1,0,0.9506 
0,0,0.097560976,0,0.54,0.333333333,0,0,0,0,0,0.535433071,0,0.456786066,0.666666667,0,0.9501 
0,0,0.146341463,0,0.68,0.333333333,0,0,0,0,0,0.669291339,0,0.51922445,0.666666667,0,0.9496 
0,0,0.12195122,0,0.64,0,0,0,0,0,0,0.535433071,0,0.479132435,0.666666667,1,0.9493 
0.125,0,0,0,0.76,0.666666667,0,0,0.666666667,0,0,0.669291339,0,0.407492606,1,0,0.9491 
0,0,0.987804878,0,0,0,0.6,0,0,0,0.857142857,0.937007874,0,0.561945449,0,0,0.9491 
0.3125,0,0,0,0.6,0.333333333,0,0,0.666666667,0,0,0.606299213,0,0.423923759,0.666666667,0,0.9489 
0,0,0.12195122,0,0.6,0,0,0,1,0,0,0.535433071,0,0.398619783,0.666666667,1,0.9484 
0.145833333,0,0,0,0.8,0.666666667,0,0,0,0,0,0.748031496,0,0.502793296,1,0,0.9483 
0.958333333,0,0,0,0,0,0.6,0,0,0,0,0.669291339,0,0.532369372,1,0,0.9481 
0,0,0,0,0.94,0.333333333,0,0,0,0,0,0.535433071,0,0.476503451,1,0,0.9481 
0.3125,0,0,0,0.62,0,0.2,0,0.666666667,0,0,0.62992126,0,0.440354913,1,0,0.9479 
0.125,0,0,0,0.8,0,0,0,0,0,0,0.401574803,0,0.484061781,0.666666667,1,0.9477 
0,0,0.109756098,0,0.6,0.666666667,0,0,0,0,0,0.708661417,0,0.529083142,1,0,0.9476 
0.125,0,0,0,0.72,0.333333333,0,0,0.666666667,0,0,0.535433071,0,0.38120276,1,0,0.9472 
0,0,0.06097561,0,0.8,0.666666667,0,0,0.666666667,0,0,0.669291339,0,0.52251068,1,0,0.9467 
0.3125,0,0,0,0.62,0.333333333,0,0,0.666666667,0,0,0.590551181,0,0.430496221,1,0,0.9463 
0.333333333,0,0,0,0.62,0.666666667,0,0,0.666666667,0,0,0.748031496,0,0.469930989,1,0,0.9458 
0,0,0.048780488,0,0.76,0.666666667,0,0,0,0,0,0.535433071,0,0.476503451,1,0,0.9458 
0,0,0.06097561,0,0.76,0.333333333,0,0,0,0,0,0.535433071,0,0.47321722,1,0,0.9458 
0,0,0.341463415,0,0,1,0,0,0,0,0,0.803149606,0,0.512651988,1,0,0.9457 
0.166666667,0,0,0,0.8,0.333333333,0,0,0.666666667,0,0,0.748031496,0,0.42720999,0.666666667,0,0.9455 
0,0,0.914634146,0,0,0,0.4,0,0,0,0.761904762,0.803149606,0,0.512651988,0,0,0.9452 
0,0,0.048780488,0,0.78,0.666666667,0,0,0.666666667,0,0,0.724409449,0,0.42720999,1,0,0.9450 
0.145833333,0,0,0,0.8,0,0,0,0,0,0,0.401574803,0,0.483075912,0.666666667,1,0.9448 
0,0,0.12195122,0,0.64,0.333333333,0,0,0,0,0,0.669291339,0.969298246,0,0.666666667,0,0.9440 
0.3125,0,0,0,0.64,0.333333333,0,0,0,0,0,0.535433071,0,0.47321722,1,0,0.9438 
0,0,0.048780488,0,0.78,0.333333333,0,0,0.666666667,0,0,0.535433071,0,0.423923759,1,0,0.9435 
0,0,0.914634146,0,0,0,0.4,0,0,0,0.571428571,0.724409449,0,0.499507065,0,0,0.9433 
0.3125,0,0,0,0.6,0.666666667,0,0,0.666666667,0,0,0.724409449,0,0.430496221,0.666666667,0,0.9428 
0.3125,0,0,0,0.6,0.666666667,0,0,0,0,0,0.748031496,0,0.502793296,0.666666667,0,0.9426 
0.958333333,0,0,0,0,1,0,0,0,0,0,0.803149606,0,0.489648373,0.666666667,0,0.9425 
0.125,0,0,0,0.76,0.333333333,0,0,0.666666667,0,0,0.42519685,0,0.410778837,1,0,0.9415 
0.125,0,0,0,0.76,0.333333333,0,0,0.666666667,0,0,0.42519685,0,0.400920145,1,0,0.9415 
0,0,0.390243902,0,0,1,0,0,0,0,0,0.669291339,0,0.515938219,1,0,0.9414 
0.145833333,0,0,0,0.8,0.666666667,0,0,0,0,0,0.62992126,0,0.489648373,1,0,0.9411 
0.125,0,0,0.95,0,0.333333333,0,0,0.666666667,0,0,0.535433071,0,0.407492606,1,0,0.9404 
0.3125,0,0,0,0.62,0.066666667,0,0,0.666666667,0,0,0.748031496,0,0.430496221,0.666666667,0,0.9401 
0,0,0.109756098,0,0.56,0.666666667,0,0,0.666666667,0,0,0.669291339,0,0.414065067,1,0,0.9400 
0.291666667,0,0,0,0.6,0.666666667,0,0,0.666666667,0,0,0.669291339,0,0.410778837,1,0,0.9397 
0.291666667,0,0,0,0.64,0,0,0,0,0,0,0.401574803,0,0.476503451,0.666666667,1,0.9396 
0.3125,0,0,0,0.6,0.666666667,0,0,0.666666667,0,0,0.62992126,0,0.414065067,1,0,0.9394 
0.3125,0,0,0,0.6,0.666666667,0,0,0.666666667,0,0,0.669291339,0,0.407492606,1,0,0.9392 
0,0,0.06097561,0,0.8,0.666666667,0,0,0,0,0,0.614173228,0,0.476503451,1,0,0.9389 
0.333333333,0,0,0,0.64,0.666666667,0,0,0.666666667,0,0,0.866141732,0,0.476503451,0.666666667,0,0.9388 
0.145833333,0,0,0,0.8,0.666666667,0,0,0,0,0,0.803149606,0,0.532369372,0.666666667,0,0.9388 
0.3125,0,0,0,0.6,0,0,0,1,0,0,0.535433071,0,0.411436083,0.666666667,1,0.9381 
0,0,0.109756098,0,0.58,0.333333333,0,0,0,0,0,0.535433071,0,0.518895826,0.666666667,0,0.9380 
0.125,0,0,0,0.76,0.333333333,0,0,0.666666667,0,0,0.535433071,0,0.394347683,1,0,0.9378 
0,0,0,0,0.98,0.666666667,0,0,0,0,0,0.803149606,0,0.489648373,0.666666667,0,0.9373 
0.291666667,0,0,0,0.6,0.666666667,0,0,0.666666667,0,0,0.803149606,0,0.420637529,1,0,0.9372 
0.125,0,0,0,0.8,0,0,0,0,0,0,0.535433071,0,0.476503451,0.666666667,1,0.9370 
0,0,0.12195122,0,0.64,0.666666667,0,0,0.666666667,0,0,0.708661417,0,0.450213605,0.666666667,0,0.9368 
0,0,0.048780488,0,0.8,0.666666667,0,0,0.666666667,0,0,0.590551181,0,0.437068682,1,0,0.9365 
0.145833333,0,0,0,0.8,0.666666667,0,0,0,0,0,0.669291339,0,0.476503451,1,0,0.9365 
0,0,0.12195122,0,0.6,0.666666667,0,0,0,0,0,0.771653543,0,0.492934604,0.666666667,0,0.9363 
0.3125,0,0,0,0.6,0.666666667,0,0,0,0,0,0.535433071,0,0.479789681,1,0,0.9361 
0.958333333,0,0,0,0,0,0.4,0,0,0,0,0.535433071,0,0.504765035,1,0,0.9361 
0.3125,0,0,0,0.6,1,0,0,0,0,0,0.669291339,0,0.476503451,1,0,0.9360 
0.125,0,0,0,0.78,0.333333333,0,0,0,0,0,0.42519685,0,0.47321722,1,0,0.9358 
0.3125,0,0,0,0.64,0.666666667,0,0,0,0,0,0.748031496,0,0.502793296,0.666666667,0,0.9358 
0,0,0.841463415,0,0,0,0.4,0,0,0,0.571428571,0.826771654,0,0.509365757,0,0,0.9356 
0,0,0.12195122,0,0.62,0.333333333,0,0,0.666666667,0,0,0.62992126,0,0.414065067,0.666666667,0,0.9352 
0.145833333,0,0,0,0.8,0.333333333,0,0,0,0,0,0.566929134,0,0.486362143,1,0,0.9352 
0.291666667,0,0,0,0.6,0,0,0,0,0,0,0.535433071,0,0.423595136,0.666666667,1,0.9351 
0,0,0.06097561,0,0.78,0.333333333,0,0,0.666666667,0,0,0.535433071,0,0.407492606,1,0,0.9349 
0.3125,0,0,0,0.64,0.666666667,0,0,0.666666667,0,0,0.669291339,0,0.423923759,1,0,0.9346 
0,0,0,0,0.98,0.333333333,0,0,0,0,0,0.669291339,0,0.489648373,0.666666667,0,0.9342 
0,0,0.817073171,0,0,0,0.4,0,0,0,0.571428571,0.803149606,0,0.525796911,0,0,0.9342 
0,0,0.951219512,0,0,0,0.4,0,0,0,0.666666667,0.803149606,0,0.502793296,0,0,0.9341 
0.208333333,0,0,0,0.62,0.333333333,0,0,0.666666667,0,0,0.669291339,0,0.42720999,0.666666667,0,0.9340 
0,0,0.12195122,0,0.6,0.666666667,0,0,0,0,0,0.669291339,0,0.525796911,1,0,0.9340 
0,0,0.37804878,0,0,0,0.4,0,0,0,0,0.535433071,0,0.51495235,1,0,0.9339 
0.145833333,0,0,0,0.8,0.333333333,0,0,0,0,0,0.488188976,0,0.469930989,1,0,0.9337 
0.3125,0,0,0,0.6,0.666666667,0,0,0,0,0,0.669291339,0,0.489648373,0.666666667,0,0.9336 
0.333333333,0,0,0,0.66,0.333333333,0,0,0.666666667,0,0,0.535433071,0,0.42720999,1,0,0.9335 
0,0,0.109756098,0,0.56,0.666666667,0,0,0.666666667,0,0,0.62992126,0,0.433782452,1,0,0.9333 
0,0,0.390243902,0,0,0.333333333,0,0,0,0,0,0.535433071,0,0.466644758,1,0,0.9329 
0.104166667,0,0,0,0.8,0.666666667,0,0,0,0,0,0.669291339,0,0.476503451,1,0,0.9327 
0.958333333,0,0,0,0,0.666666667,0,0,0.666666667,0,0,0.669291339,0,0.42720999,1,0,0.9326 
0,0,0.06097561,0,0.8,0.333333333,0,0,0,0,0,0.669291339,0,0.500164312,0.666666667,0,0.9323 
0.3125,0,0,0,0.64,0.333333333,0,0,0.666666667,0,0,0.42519685,0,0.400920145,1,0,0.9321 
0.125,0,0,0,0.76,0.333333333,0,0,0.666666667,0,0,0.42519685,0,0.400920145,1,0,0.9319 
0.270833333,0,0,0,0.6,0.333333333,0,0,0.666666667,0,0,0.535433071,0,0.420637529,1,0,0.9318 
0.3125,0,0,0,0.6,0.666666667,0,0,0,0,0,0.614173228,0,0.483075912,1,0,0.9316 
0,0,0.146341463,0,0.68,0,0.4,0,0,0,0,0.535433071,0,0.534012488,1,0,0.9312 
0.3125,0,0,0,0.6,0.666666667,0,0,0.666666667,0,0,0.62992126,0,0.414065067,1,0,0.9307 
0.333333333,0,0,0,0.6,0.666666667,0,0,0.666666667,0,0,0.669291339,0,0.453499836,1,0,0.9303 
0,0,0.134146341,0,0.64,0.333333333,0,0,0.666666667,0,0,0.503937008,0,0.407492606,1,0,0.9303 
0,0,0.93902439,0,0,0,0.6,0,0,0,0.571428571,0.937007874,0,0.509365757,0,0,0.9302 
0.125,0,0,0,0.8,0,0,0,0,0,0,0.535433071,0,0.479132435,0.666666667,1,0.9301 
0.125,0,0,0,0.8,0.333333333,0,0,0,0,0,0.535433071,0,0.469930989,0.666666667,0,0.9297 
0.3125,0,0,0,0.62,1,0,0,0,0,0,0.708661417,0,0.52251068,1,0,0.9293 
0,0,0.048780488,0,0.78,0.333333333,0,0,0,0,0,0.535433071,0,0.469930989,1,0,0.9289 
0.3125,0,0,0,0.64,0,0,0,0,0,0,0.401574803,0,0.496549458,0.666666667,1,0.9286 
0.3125,0,0,0,0.64,0,0,0,0,0,0,0.535433071,0,0.48077555,0.666666667,1,0.9286 
0,0,0.109756098,0,0.56,0.666666667,0,0,0.666666667,0,0,0.803149606,0,0.433782452,1,0,0.9283 
0,0,0.048780488,0,0.76,0.666666667,0,0,0,0,0,0.535433071,0,0.466644758,1,0,0.9281 
0,0,0.109756098,0,0.58,0.333333333,0,0,0,0,0,0.535433071,0,0.499507065,1,0,0.9278 
0.3125,0,0,0,0.6,0.666666667,0,0,0.666666667,0,0,0.669291339,0,0.430496221,1,0,0.9274 
0.3125,0,0,0,0.62,0,0,0,0,0,0,0.535433071,0,0.367071968,0.666666667,1,0.9259 
0.291666667,0,0,0,0.64,0.333333333,0,0,0,0,0,0.669291339,0,0.504436411,0.666666667,0,0.9256 
0,0,0.06097561,0,0.8,0.333333333,0,0,0,0,0,0.535433071,0,0.476503451,1,0,0.9250 
0,0,0.146341463,0,0.66,0.333333333,0,0,1,0,0,0.669291339,0.805137845,0,0.666666667,0,0.9248 
0.958333333,0,0,0,0,0,0.2,0,0,0,0,0.401574803,0,0.518567203,1,0,0.9247 
0.3125,0,0,0,0.6,0.333333333,0,0,0.666666667,0,0,0.62992126,0,0.430496221,1,0,0.9246 
0.333333333,0,0,0,0.66,0.333333333,0,0,0.666666667,0,0,0.535433071,0,0.433782452,1,0,0.9239 
0.333333333,0,0,0,0.64,0.666666667,0,0,0,0,0,0.669291339,0,0.499507065,1,0,0.9238 
0.125,0,0,0,0.8,0.333333333,0,0,0,0,0,0.669291339,0,0.509694381,0.666666667,0,0.9237 
0.3125,0,0,0,0.6,0.333333333,0,0,0,0,0,0.535433071,0,0.476503451,1,0,0.9236 
0,0,0.975609756,0,0,0,0.4,0,0,0,0.571428571,0.803149606,0,0.525796911,0,0,0.9231 
0,0,0.12195122,0,0.58,0.666666667,0,0,0,0,0,0.62992126,0,0.460072297,0.666666667,0,0.9225 
0.3125,0,0,0,0.6,0,0,0,0,0,0,0.535433071,0,0.502793296,0.666666667,1,0.9224 
0.270833333,0,0,0,0.6,0,0,0,0,0,0,0.346456693,0,0.506079527,1,1,0.9221 
0.291666667,0,0,0,0.64,0,0,0,0,0,0,0.535433071,0,0.487348012,0.666666667,1,0.9215 
0.291666667,0,0,0,0.64,0.333333333,0,0,0,0,0,0.669291339,0,0.486362143,0.666666667,0,0.9215 
0.125,0,0,0,0.8,0.333333333,0,0,0,0,0,0.669291339,0,0.486362143,0.666666667,0,0.9194 
0.291666667,0,0,0,0.64,0.333333333,0,0,0,0,0,0.669291339,0,0.474531712,0.666666667,0,0.9192 
0.3125,0,0,0,0.6,0.666666667,0,0,0,0,0,0.732283465,0,0.499507065,0.666666667,0,0.9188 
0,0,0.109756098,0,0.56,0.333333333,0,0,0.666666667,0,0,0.62992126,0,0.420637529,1,0,0.9186 
0.958333333,0,0,0,0,0,0.2,0,0,0,0,0.401574803,0,0.53105488,1,0,0.9185 
0.833333333,0,0,0,0,0.666666667,0,0,0,0,0,0.472440945,0,0.496220835,1,0,0.9183 
0,0,0.134146341,0,0.6,0.333333333,0,0,0,0,0,0.590551181,0,0.492934604,1,0,0.9179 
0.9375,0,0,0,0,0.333333333,0,0,0.666666667,0,0,0.535433071,0,0.407492606,1,0,0.9177 
0,0,0.134146341,0,0.66,0,0,0,0,0,0,0.401574803,0.973057644,0,1,1,0.9174 
0.3125,0,0,0,0.62,0.333333333,0,0,0.666666667,0,0,0.535433071,0,0.407492606,1,0,0.9168 
0.125,0,0,0,0.8,0.666666667,0,0,0,0,0,0.669291339,0,0.483075912,1,0,0.9167 
0,0,0.109756098,0,0.56,0.333333333,0,0,0,0,0,0.535433071,0,0.483075912,1,0,0.9159 
0.125,0,0,0,0.76,0.333333333,0,0,0.666666667,0,0,0.535433071,0,0.420637529,1,0,0.9158 
0,0,0.134146341,0,0.66,0.666666667,0,0,0,0,0,0.787401575,0,0.525796911,1,0,0.9157 
0,0,0.975609756,0,0,0,0.4,0,0,0,0.714285714,0.803149606,0,0.51396648,0,0,0.9152 
0,0,0.93902439,0,0,0,0.2,0,0,0,0.952380952,0.535433071,0,0.509365757,0,0,0.9150 
0,0,0.93902439,0,0,0,0.4,0,0,0,0.571428571,0.803149606,0,0.509365757,0,0,0.9148 
0,0,0.37804878,0,0,0,0.4,0,0,0,0.095238095,0.401574803,0,0.492934604,1,0,0.9148 
0,0,0.109756098,0,0.6,0,0,0,0,0,0,0.535433071,0,0.489648373,1,1,0.9147 
0.3125,0,0,0,0.64,0.333333333,0,0,0,0,0,0.42519685,0,0.492934604,1,0,0.9146 
0,0,0.256097561,0,0,0,0.4,0,0,0,0,0.401574803,0,0.476503451,0,0,0.9146 
0.145833333,0,0,0,0.8,0.333333333,0,0,0,0,0,0.669291339,0,0.476503451,1,0,0.9140 
0,0,0.914634146,0,0,0,0.4,0,0,0,0.714285714,0.669291339,0,0.499507065,0,0,0.9137 
0,0,0.365853659,0,0,0,0.4,0,0,0,0,0.472440945,0,0.476503451,1,0,0.9124 
0.3125,0,0,0,0.64,0.333333333,0,0,0,0,0,0.669291339,0,0.494577719,0.666666667,0,0.9123 
0,0,0.890243902,0,0,0,0.2,0,0,0,0.571428571,0.551181102,0,0.486362143,0,0,0.9121 
0.125,0,0,0,0.8,0.666666667,0,0,0,0,0,0.669291339,0,0.513309234,0.666666667,0,0.9118 
0,0,0.280487805,0,0,0,0.6,0,0,0,0,0.535433071,0,0.483075912,0,0,0.9113 
0,0,0.109756098,0,0.56,0,0,0,0,0,0,0.401574803,0,0.502793296,1,1,0.9104 
0.3125,0,0,0,0.6,0.666666667,0,0,0,0,0,0.748031496,0,0.496220835,0.666666667,0,0.9102 
0,0,0.109756098,0,0.56,0.333333333,0,0,0.666666667,0,0,0.62992126,0,0.433782452,1,0,0.9097 
0,0,0.109756098,0,0.56,0.666666667,0,0,0.666666667,0,0,0.669291339,0,0.437068682,1,0,0.9095 
0,0,0.134146341,0,0.64,0.333333333,0,0,0,0,0,0.535433071,0,0.509365757,1,0,0.9093 
0.3125,0,0,0,0.6,0.666666667,0,0,0,0,0,0.803149606,0,0.509365757,0.666666667,0,0.9092 
0.3125,0,0,0,0.62,0.333333333,0,0,0,0,0,0.535433071,0,0.499507065,1,0,0.9090 
0.125,0,0,0,0.76,0.333333333,0,0,0.666666667,0,0,0.535433071,0,0.400920145,1,0,0.9086 
0,0,0.109756098,0,0.58,0.333333333,0,0,0,0,0,0.669291339,0,0.494906342,0.666666667,0,0.9081 
0,0,0.926829268,0,0,0,0.4,0,0,0,0.714285714,0.669291339,0,0.512651988,0,0,0.9080 
0,0,0.841463415,0,0,0,0.2,0,0,0,0.619047619,0.669291339,0,0.542228064,0,0,0.9070 
0,0,0.06097561,0,0.8,0,0,0,0,0,0,0.401574803,0,0.505750904,0.666666667,1,0.9067 
0,0,0.109756098,0,0.56,0.666666667,0,0,0.666666667,0,0,0.669291339,0,0.433782452,1,0,0.9066 
0.145833333,0,0,0,0.8,0.666666667,0,0,0,0,0,0.708661417,0,0.489648373,1,0,0.9065 
0,0,0.12195122,0,0.64,0.333333333,0,0,0,0,0,0.535433071,0.968045113,0,1,0,0.9065 
0.125,0,0,0,0.76,0.333333333,0,0,0.666666667,0,0,0.535433071,0,0.414065067,1,0,0.9062 
0,0,0.951219512,0,0,0,0.4,0,0,0,0.714285714,0.803149606,0,0.525796911,0,0,0.9062 
0.3125,0,0,0,0.64,0.666666667,0,0,0,0,0,0.866141732,0,0.509365757,0.666666667,0,0.9055 
0,0,0.109756098,0,0.56,0.666666667,0,0,0.666666667,0,0,0.669291339,0,0.42720999,1,0,0.9047 
0.291666667,0,0,0,0.64,0.333333333,0,0,0,0,0,0.669291339,0,0.533683865,0.666666667,0,0.9046 
0.333333333,0,0,0,0.62,0.333333333,0,0,0,0,0,0.62992126,0,0.502793296,0.666666667,0,0.9043 
0.3125,0,0,0,0.6,0.666666667,0,0,0,0,0,0.669291339,0,0.502793296,1,0,0.9042 
0.291666667,0,0,0,0.76,0.666666667,0,0,0.666666667,0,0,0.535433071,0,0.400920145,1,0,0.9042 
0.3125,0,0,0,0.6,0.333333333,0,0,0,0,0,0.401574803,0,0.469930989,1,0,0.9038 
0,0,0.048780488,0,0.82,0.666666667,0,0,0.666666667,0,0,0.669291339,0,0.437068682,1,0,0.9036 
0,0,0.280487805,0,0,0,0.6,0,0,0,0,0.535433071,0,0.476503451,0,0,0.9028 
0.25,0,0,0,0.6,0.333333333,0,0,0,0,0,0.535433071,0,1,0.666666667,0,0.9026 
0.3125,0,0,0,0.6,0.333333333,0,0,1,0,0,0.669291339,0,0.355570161,0.666666667,0,0.9026 
0.333333333,0,0,0,0.64,0,0,0,0,0,0,0.401574803,0,0.497535327,0.666666667,1,0.9026 
0.3125,0,0,0,0.6,0.333333333,0,0,0,0,0,0.598425197,0,0.476503451,1,0,0.9022 
0,0,0.12195122,0,0.6,0.333333333,0,0,0.666666667,0,0,0.62992126,0,0.420637529,0.666666667,0,0.9020 
0.291666667,0,0,0,0.6,0,0,0,0.666666667,0,0,0.42519685,0,0.394347683,1,1,0.9012 
0.3125,0,0,0,0.62,0.333333333,0,0,0.666666667,0,0,0.42519685,0,0.400920145,1,0,0.9008 
0,0,0.109756098,0,0.58,0.333333333,0,0,0,0,0,0.669291339,0,0.509365757,0.666666667,0,0.9006 
0,0,0.134146341,0,0.64,0.666666667,0,0,0,0,0,0.590551181,0,0.499507065,1,0,0.9004 
0,0,0.06097561,0,0.8,0.333333333,0,0,0,0,0,0.456692913,0,0.492934604,1,0,0.9000 
0,0,0.109756098,0,0.6,0,0.4,0,0.666666667,0,0,0.669291339,0,0.420637529,1,0,0.8999 
0,0,0.12195122,0,0.64,0.666666667,0,0,0.666666667,0,0,0.803149606,0,0.433782452,0.666666667,0,0.8999 
0,0,0.048780488,0,0.8,0.333333333,0,0,0,0,0,0.535433071,0.958646617,0,1,0,0.8981 
0.270833333,0,0,0,0.6,0.333333333,0,0,0,0,0,0.535433071,0,0.496220835,1,0,0.8975 
0.3125,0,0,0,0.62,0.666666667,0,0,0.666666667,0,0,0.732283465,0,0.440354913,0.666666667,0,0.8967 
0,0,0.06097561,0,0.8,0.333333333,0,0,0,0,0,0.472440945,0,0.492934604,1,0,0.8960 
0,0,0.987804878,0,0,0,0.2,0,0,0,0.952380952,0.708661417,0,0.525796911,0,0,0.8959 
0.3125,0,0,0,0.64,0.333333333,0,0,0,0,0,0.535433071,0,0.492934604,1,0,0.8956 
0.145833333,0,0,0,0.8,0.333333333,0,0,0.666666667,0,0,0.748031496,0,0.453499836,0.666666667,0,0.8951 
0.3125,0,0,0,0.6,0.333333333,0,0,0,0,0,0.401574803,0,0.525796911,1,0,0.8949 
0.3125,0,0,0,0.62,0.333333333,0,0,0.666666667,0,0,0.535433071,0,0.410778837,1,0,0.8948 
0,0,0.12195122,0,0.6,0.333333333,0,0,0,0,0,0.535433071,0,0.492934604,1,0,0.8943 
0,0,0.963414634,0,0,0,0.4,0,0,0,0.761904762,0.803149606,0,0.515938219,0,0,0.8942 
0,0,0.109756098,0,0.56,0.333333333,0,0,0.666666667,0,0,0.472440945,0,0.42720999,1,0,0.8939 
0.291666667,0,0,0,0.58,0,0,0,0.666666667,0,0,0.488188976,0,0.371344068,1,1,0.8926 
0.145833333,0,0,1,0,0.333333333,0,0,0.666666667,0,0,0.669291339,0,0.443641144,1,0,0.8923 
0,0,0.963414634,0,0,0,0.4,0,0,0,0.571428571,0.787401575,0,0.509365757,0,0,0.8923 
0,0,0.353658537,0,0,0.333333333,0,0,0,0,0,0.535433071,0,0.499507065,1,0,0.8919 
0,0,0.109756098,0,0.56,0.333333333,0,0,0.666666667,0,0,0.535433071,0,0.42720999,1,0,0.8917 
0,0,0.048780488,0,0.76,0.666666667,0,0,0,0,0,0.535433071,0,0.486362143,1,0,0.8914 
0.3125,0,0,0,0.6,0.666666667,0,0,0,0,0,0.669291339,0,0.502793296,0.666666667,0,0.8907 
0.3125,0,0,0,0.64,0.333333333,0,0,0,0,0,0.535433071,0,0.492934604,1,0,0.8903 
0,0,0.048780488,0,0.76,0.666666667,0,0,0,0,0,0.535433071,0,0.460072297,1,0,0.8902 
0,0,0.109756098,0,0.56,0.666666667,0,0,0,0,0,0.535433071,0,0.486362143,1,0,0.8902 
0.145833333,0,0,0,0.8,0.666666667,0,0,0,0,0,0.708661417,0,0.492934604,1,0,0.8898 
0,0,0.93902439,0,0,0,0.4,0,0,0,0.80952381,0.803149606,0,0.499507065,0,0,0.8896 
0.3125,0,0,0,0.6,0.666666667,0,0,0.666666667,0,0,0.748031496,0,0.437068682,0.666666667,0,0.8895 
0,0,0.926829268,0,0,0,0.2,0,0,0,0.571428571,0.669291339,0,0.509365757,0,0,0.8890 
0,0,0.109756098,0,0.58,0.333333333,0,0,0,0,0,0.401574803,0,0.492934604,1,0,0.8882 
0,0,0.890243902,0,0,0,0.4,0,0,0,0.714285714,0.803149606,0,0.479789681,0,0,0.8878 
0.3125,0,0,0,0.66,0.333333333,0,0,0,0,0,0.535433071,0,0.51495235,0.666666667,0,0.8874 
0.291666667,0,0,0,0.64,0,0,0,0,0,0,0.535433071,0,0.467302005,0.666666667,1,0.8868 
0.333333333,0,0,0,0.66,0.333333333,0,0,0,0,0,0.669291339,0,0.998356885,0.666666667,0,0.8867 
0.3125,0,0,0,0.6,0,0,0,0,0,0,0.535433071,0,0.476503451,0.666666667,1,0.8860 
0,0,0.109756098,0,0.6,0.666666667,0,0,0.666666667,0,0,0.748031496,0,0.440354913,1,0,0.8858 
0.270833333,0,0,0,0.6,0.333333333,0,0,0,0,0,0.535433071,0,0.486362143,1,0,0.8858 
0.125,0,0,0,0.76,0.333333333,0,0,0.666666667,0,0,0.535433071,0,0.394347683,1,0,0.8854 
0.3125,0,0,0,0.6,0.666666667,0,0,0.666666667,0,0,0.669291339,0,0.42720999,1,0,0.8849 
0,0,0.06097561,0,0.8,0,0,0,0,0,0,0.31496063,0,0.476503451,1,1,0.8844 
0,0,0,0,0.56,0.666666667,0,0,0.666666667,0,0,0.590551181,0,0.42720999,1,0,0.8843 
0.291666667,0,0,0,0.6,0.333333333,0,0,0,0,0,0.62992126,0,0.492934604,0.666666667,0,0.8841 
0.291666667,0,0,0,0.64,0.333333333,0,0,0,0,0,0.535433071,0,0.463358528,0.666666667,0,0.8834 
0.3125,0,0,0,0.6,0.333333333,0,0,0,0,0,0.598425197,0,0.476503451,1,0,0.8830 
0,0,0.048780488,0,0.76,0.333333333,0,0,0.666666667,0,0,0.590551181,0,0.410778837,1,0,0.8824 
0.291666667,0,0,0,0.64,0,0,0,0,0,0,0.535433071,0,0.513637857,0.666666667,1,0.8823 
0.3125,0,0,0,0.62,0.333333333,0,0,0.666666667,0,0,0.535433071,0,0.404206375,1,0,0.8820 
0.166666667,0,0,0,0.8,0.333333333,0,0,0,0,0,0.535433071,0,0.502793296,1,0,0.8814 
0.291666667,0,0,0,0.64,0.333333333,0,0,0,0,0,0.669291339,0,0.477817943,0.666666667,0,0.8812 
0,0,0.109756098,0,0.56,0.333333333,0,0,0.666666667,0,0,0.535433071,0,0.42720999,1,0,0.8811 
0,0,0.951219512,0,0,0,0.2,0,0,0,0,0.669291339,0,0.512651988,0,0,0.8809 
0.291666667,0,0,0,0.6,0,0,0,0,0,0,0.346456693,0,0.51922445,1,1,0.8806 
0.3125,0,0,0,0.62,0.333333333,0,0,0,0,0,0.535433071,0,0.486362143,1,0,0.8804 
0,0,0.93902439,0,0,0,0.4,0,0,0,0.952380952,0.803149606,0,0.506079527,0,0,0.8804 
0.979166667,0,0,0,0,0,0.4,0,0,0,0,0.535433071,0,0.533683865,1,0,0.8803 
0,0,0.37804878,0,0,0,0.6,0,0,0,0,0.803149606,0,0.520538942,0.666666667,0,0.8802 
0.3125,0,0,0,0.64,0.333333333,0,0,0,0,0,0.535433071,0,0.479789681,1,0,0.8793 
0.145833333,0,0,0,0.8,0.666666667,0,0,0,0,0,0.748031496,0,0.51922445,1,0,0.8763 
0.145833333,0,0,0,0.8,0.333333333,0,0,0,0,0,0.669291339,0,0.476503451,1,0,0.8762 
0.125,0,0,0,0.8,0.333333333,0,0,0,0,0,0.472440945,0,0.483075912,1,0,0.8759 
0,0,0.06097561,0,0.8,0.666666667,0,0,0.666666667,0,0,0.732283465,0,0.460072297,1,0,0.8752 
0.3125,0,0,0,0.6,0,0,0,0,0,0,0.535433071,0,0.476503451,1,1,0.8748 
0,0,0.06097561,0,0.56,0.333333333,0,0,0,0,0,0.535433071,0,0.479789681,1,0,0.8747 
0,0,0.93902439,0,0,0,0.4,0,0,0,0,0.803149606,0,0.525796911,0,0,0.8746 
0,0,0.048780488,0,0.8,0.333333333,0,0,0.666666667,0,0,0.590551181,0,0.430496221,1,0,0.8730 
0,0,0.048780488,0,0.74,0.666666667,0,0,0,0,0,0.669291339,0,0.466644758,1,0,0.8728 
0.3125,0,0,0,0.62,0.333333333,0,0,0.666666667,0,0,0.669291339,0,0.440354913,0.666666667,0,0.8726 
0.3125,0,0,0,0.6,0,0,0,0,0,0,0.535433071,0,0.509694381,0.666666667,1,0.8707 
0,0,0.37804878,0,0,0,0.4,0,0,0,0,0.669291339,0,0.505750904,1,0,0.8707 
0.125,0,0,0,0.8,0,0,0,0,0,0,0.535433071,0,0.503450542,0.666666667,1,0.8700 
0,0,0.048780488,0,0.8,0.666666667,0,0,0.666666667,0,0,0.708661417,0,0.42720999,1,0,0.8698 
0.125,0,0,0,0.76,0.333333333,0,0,0.666666667,0,0,0.42519685,0,0.400920145,1,0,0.8696 
0.125,0,0,0,0.8,0.333333333,0,0,0,0,0,0.669291339,0,0.989155439,0.666666667,0,0.8691 
0.3125,0,0,0,0.6,0,0,0,0,0,0,0.440944882,0,0.446927374,1,1,0.8691 
0.145833333,0,0,0,0.82,0.333333333,0,0,0.666666667,0,0,0.535433071,0,0.433782452,1,0,0.8682 
0,0,0.109756098,0,0.56,0.333333333,0,0,0.666666667,0,0,0.62992126,0,0.433782452,1,0,0.8671 
0.333333333,0,0,0,0.62,0.666666667,0,0,0.666666667,0,0,0.748031496,0,0.453499836,1,0,0.8659 
0.125,0,0,0,0.8,0.333333333,0,0,0,0,0,0.669291339,0,0.479132435,0.666666667,0,0.8657 
0,0,0.329268293,0,0,1,0,0,0,0,0,0.803149606,0,0.977653631,0.666666667,0,0.8647 
0,0,0.280487805,0,0,0,0.6,0,0,0,0,0.472440945,0,0.492934604,0,0,0.8644 
0,0,0.12195122,0,0.6,0.333333333,0,0,0.666666667,0,0,0.62992126,0,0.42720999,0.666666667,0,0.8643 
0,0,0.390243902,0,0,0.333333333,0,0,0.666666667,0,0,0.535433071,0,0.440354913,1,0,0.8637 
0.145833333,0,0,0,0.8,0,0,0,0,0,0,0.267716535,0,0.499507065,1,1,0.8627 
0.145833333,0,0,0,0.8,0.333333333,0,0,0.666666667,0,0,0.42519685,0,0.453499836,1,0,0.8626 
0,0,0.341463415,0,0,1,0,0,0,0,0,0.708661417,0,0.492934604,1,0,0.8622 
0.291666667,0,0,0,0.64,0,0,0,0,0,0,0.535433071,0,0.511008873,0.666666667,1,0.8611 
0.145833333,0,0,0,0.8,0.333333333,0,0,0,0,0,0.535433071,0,0.492934604,1,0,0.8593 
0,0,0.085365854,0,0.56,0.333333333,0,0,0,0,0,0.401574803,0,0.463358528,1,0,0.8588 
0.333333333,0,0,0,0.62,0,0,0,0.666666667,0,0,0.748031496,0,0.466644758,1,0,0.8587 
0,0,0.926829268,0,0,0,0.2,0,0,0,0.571428571,0.456692913,0,0.496220835,0,0,0.8585 
0,0,0.134146341,0,0.6,0.666666667,0,0,0,0,0,0.669291339,0,0.499507065,1,0,0.8581 
0,0,0.048780488,0,0.78,0.333333333,0,0,0.666666667,0,0,0.590551181,0,0.414065067,1,0,0.8564 
0.3125,0,0,0,0.6,0,0,0,0.666666667,0,0,0.401574803,0,0.433782452,1,1,0.8547 
0.145833333,0,0,0,0.8,0,0,0,0,0,0,0.346456693,0,0.469930989,1,1,0.8542 
0.3125,0,0,0,0.6,0.333333333,0,0,0,0,0,0.535433071,0,0.509365757,1,0,0.8530 
0.291666667,0,0,0,0.64,0.333333333,0,0,0,0,0,0.669291339,0,0.517252711,0.666666667,0,0.8528 
0.291666667,0,0,0,0.64,0,0,0,0,0,0,0.535433071,0,0.482418666,0.666666667,1,0.8507 
0.166666667,0,0,0,0.8,0.666666667,0,0,0,0,0,0.708661417,0,0.509365757,1,0,0.8494 
0,0,0.048780488,0,0.8,0.333333333,0,0,0.666666667,0,0,0.590551181,0,0.417351298,1,0,0.8494 
0.270833333,0,0,0,0.62,0.333333333,0,0,0,0,0,0.456692913,0,0.499507065,1,0,0.8492 
0,0,0.12195122,0,0.62,0,0,0,0.666666667,0,0,0.401574803,0,0.42720999,0.666666667,1,0.8490 
0,0,0.109756098,0,0.56,0.333333333,0,0,0.666666667,0,0,0.535433071,0,0.394347683,1,0,0.8489 
0,0,0.37804878,0,0,0.666666667,0,0,0,0,0,0.62992126,0,0.456786066,1,0,0.8486 
0.291666667,0,0,0,0.64,0,0,0,0,0,0,0.401574803,0,0.475517581,0.666666667,1,0.8486 
0.333333333,0,0,0,0.66,0.333333333,0,0,0,0,0,0.669291339,0,0.525468288,0.666666667,1,0.8485 
0.3125,0,0,0,0.64,0.333333333,0,0,0,0,0,0.535433071,0,0.479789681,1,0,0.8478 
0.958333333,0,0,0,0,0,0.4,0,0,0,0,0.535433071,0,0.530397634,1,0,0.8477 
0,0,0.085365854,0,0.88,0.333333333,0,0,0.666666667,0,0,0.590551181,0,0.469930989,1,0,0.8475 
0,0,0.048780488,0,0.78,0.333333333,0,0,0.666666667,0,0,0.535433071,0,0.420637529,1,0,0.8460 
0.958333333,0,0,0,0,1,0,0,0,0,0,0.669291339,0,0.512651988,1,0,0.8447 
0.145833333,0,0,0,0.8,0.333333333,0,0,0,0,0,0.535433071,0,0.489648373,1,0,0.8426 
0,0,0.12195122,0,0.6,0.333333333,0,0,0.666666667,0,0,0.535433071,0,0.420637529,1,0,0.8421 
0,0,0.048780488,0,0.76,0.333333333,0,0,0.666666667,0,0,0.535433071,0,0.423923759,1,0,0.8407 
0,0,0.134146341,0,0.58,0.666666667,0,0,0,0,0,0.732283465,0,0.486362143,0.666666667,0,0.8399 
0.333333333,0,0,0,0.62,0.666666667,0,0,0,0,0,0.803149606,0,0.51922445,0.666666667,0,0.8398 
0,0,0.390243902,0,0,0,0,0,0,0,0,0.401574803,0,0.515609596,1,1,0.8398 
0,0,0.12195122,0,0.6,0,0,0,0.666666667,0,0,0.31496063,0,0.42720999,0.666666667,1,0.8397 
0,0,0.12195122,0,0.6,0,0,0,0.666666667,0,0,0.401574803,0,0.417351298,0.666666667,1,0.8396 
0,0,0.048780488,0,0.8,0.333333333,0,0,0,0,0,0.535433071,0,0.479789681,1,0,0.8393 
0.854166667,0,0,0,0,0.666666667,0,0,0,0,0,0.669291339,0,0.502793296,1,0,0.8392 
0.145833333,0,0,0,0.8,0,0,0,1,0,0,0.401574803,0,0.391061453,0.666666667,1,0.8383 
0,0,0.109756098,0,0.56,0.333333333,0,0,0.666666667,0,0,0.62992126,0,0.42720999,1,0,0.8378 
0,0,0.048780488,0,0.8,0,0,0,0.666666667,0,0,0.551181102,0,0.440354913,1,0,0.8353 
0,0,0.12195122,0,0.64,0,0,0,0.666666667,0,0,0.472440945,0,0.420637529,0.666666667,1,0.8332 
0,0,0.109756098,0,0.56,0.333333333,0,0,0.666666667,0,0,0.401574803,0,0.433782452,1,0,0.8332 
0.291666667,0,0,0,0.64,0,0,0,1,0,0,0.535433071,0,0.409792967,0.666666667,1,0.8331 
0,0,0.975609756,0,0,0,0.2,0,0,0,0,0.803149606,0,0.532369372,0,0,0.8329 
0.291666667,0,0,0,0.6,0.666666667,0,0,0,0,0,0.669291339,0,0.508708511,0.666666667,0,0.8312 
0.3125,0,0,0,0.6,0,0,0,0,0,0,0.535433071,0,0.469930989,0.666666667,1,0.8310 
0,0,0.93902439,0,0,0,0.4,0,0,0,0,0.803149606,0,0.545514295,0,0,0.8308 
0,0,0.390243902,0,0,0.333333333,0,0,0.666666667,0,0,0.535433071,0,0.42720999,1,0,0.8296 
0.979166667,0,0,0,0,0,0.6,0,0,0,0,0.669291339,0,0.525796911,1,0,0.8284 
0.3125,0,0,0,0.64,0,0,0,0,0,0,0.535433071,0,0.490634243,0.666666667,1,0.8251 
0,0,0.048780488,0,0.8,0.333333333,0,0,0.666666667,0,0,0.748031496,0,0.42720999,1,0,0.8236 
0,0,0.134146341,0,0.68,0,0.4,0,0,0,0,0.535433071,0,0.496878081,1,0,0.8224 
0,0,0.109756098,0,0.56,0.666666667,0,0,0.666666667,0,0,0.748031496,0,0.430496221,1,0,0.8220 
0.145833333,0,0,0,0.8,0.333333333,0,0,0,0,0,0.566929134,0,0.496220835,1,0,0.8200 
0.3125,0,0,0,0.62,0,0.4,0,0.666666667,0,0,0.708661417,0,0.469930989,1,0,0.8196 
0.3125,0,0,0,0.6,0,0,0,0,0,0,0.535433071,0,0.476503451,0.666666667,1,0.8179 
0.291666667,0,0,0,0.64,0,0,0,0,0,0,0.401574803,0,0.498849819,0.666666667,1,0.8166 
0,0,0.93902439,0,0,0,0.2,0,0,0,0.952380952,0.669291339,0,0.512651988,0,0,0.8162 
0,0,0.93902439,0,0,0,0.4,0,0,0,0.952380952,0.803149606,0,0.529083142,0,0,0.8149 
0.3125,0,0,0,0.64,0.333333333,0,0,0,0,0,0.535433071,0,0.483075912,1,0,0.8139 
0.3125,0,0,0,0.6,0.666666667,0,0,0,0,0,0.669291339,0,0.502793296,0.666666667,0,0.8129 
0,0,0.048780488,0,0.78,0.666666667,0,0,0,0,0,0.748031496,0,0.47321722,1,0,0.8112 
0.3125,0,0,0,0.62,0.333333333,0,0,0,0,0,0.401574803,0,0.496220835,1,0,0.8096 
0.3125,0,0,0,0.64,0.333333333,0,0,0,0,0,0.42519685,0,0.506079527,1,0,0.8088 
0.145833333,0,0,0,0.8,0.666666667,0,0,0,0,0,0.535433071,0,0.479789681,0.666666667,0,0.8086 
0,0,0.06097561,0,0.8,0.666666667,0,0,0,0,0,0.669291339,0,0.51922445,1,0,0.8075 
0.333333333,0,0,0,0.68,0.333333333,0,0,0.666666667,0,0,0.42519685,0,0.450213605,1,0,0.8069 
0.291666667,0,0,0,0.64,0.333333333,0,0,0,0,0,0.669291339,0,0.468616497,0.666666667,0,0.8067 
0,0,0.06097561,0,0.76,0,0,0,0,0,0,0.401574803,0,0.476503451,1,1,0.8049 
0.3125,0,0,0,0.6,0,0,0,0,0,0,0.31496063,0,0.502793296,0.666666667,1,0.8002 
0.9375,0,0,0,0,1,0,0,0,0,0,0.850393701,0,0.509365757,0.666666667,0,0.7911 
0,0,0.06097561,0,0.82,0.333333333,0,0,0,0,0,0.590551181,0,0.502793296,1,0,0.7874 
0,0,0.109756098,0,0.56,0.333333333,0,0,0.666666667,0,0,0.669291339,0,0.42720999,1,0,0.7873 
0,0,0.93902439,0,0,0,0.2,0,0,0,0.761904762,0.803149606,0,0.529083142,0,0,0.7867 
0,0,0.280487805,0,0,0,1,0,0,0,0,0.669291339,0,0.499507065,0,0,0.7857 
0,0,0.134146341,0,0.66,0.333333333,0,0,0,0,0,0.732283465,0,0.512651988,0.666666667,0,0.7844 
0.3125,0,0,0,0.62,0,0,0,0.666666667,0,0,0.456692913,0,0.394347683,1,1,0.7756 
0,0,0.12195122,0,0.64,0,0,0,1,0,0,0.267716535,0.80075188,0,0.666666667,1,0.7719 
0,0,0.93902439,0,0,0,0.2,0,0,0,0.666666667,0.440944882,0,0.509365757,0,0,0.7658 
0.3125,0,0,0,0.64,0,0,0,0.666666667,0,0,0.42519685,0,0.394347683,1,1,0.7629 
0.3125,0,0,0,0.62,0.333333333,0,0,0.666666667,0,0,0.511811024,0,0.414065067,1,0,0.7499 
0,0,0.37804878,0,0,0.333333333,0,0,0.666666667,0,0,0.535433071,0,0.433782452,1,0,0.7492 
0.145833333,0,0,0,0.8,0.666666667,0,0,0,0,0,0.866141732,0,0.51922445,0.666666667,0,0.7458 
0,0,0.963414634,0,0,0,0.6,0,0,0,1,1,0,0.552086756,0,0,0.7424 
0,0,0.048780488,0,0.8,0.333333333,0,0,0.666666667,0,0,0.535433071,0,0.42720999,1,0,0.7354 
0.333333333,0,0,0,0.64,0,0,0,1,0,0,0.267716535,0,0.413407821,0.666666667,1,0.7341 
0,0,0.402439024,0,0,0.333333333,0,0,0.666666667,0,0,0.535433071,0,0.460072297,1,0,0.7309 
0.9375,0,0,0,0,0.333333333,0,0,0.666666667,0,0,0.267716535,0,0.42720999,1,0,0.7280 
0,0,0.06097561,0,0.8,0.333333333,0,0,0,0,0,0.456692913,0,0.51922445,1,0,0.7259 
0.145833333,0,0,0,0.8,0.333333333,0,0,0,0,0,0.669291339,0,0.509365757,1,0,0.7009 
0.125,0,0,0.95,0,0.333333333,0,0,0.666666667,0,0,0.535433071,0,0.453499836,1,0,0.6972 
0,0,0.987804878,0,0,0,0.6,0,0,0,0.857142857,0.937007874,0,0.561945449,0,0,0.6895 
0,0,0.280487805,0,0,0,1,0,0,0,0,0.669291339,0,0.502793296,0,0,0.6882 
0,0,0.048780488,0,0.8,0,0,0,0.666666667,0,0,0.267716535,0,0.42720999,1,1,0.6732 
